FULL NAME,GP,MPG,USG%,FT%,3P%,eFG%,PPG,RPG,APG,SPG,BPG,TO,VI,ORTG,DRTG
Giannis Antetokounmpo,63,30.4,37.5,0.633,0.304,0.589,29.5,13.6,5.6,0.98,1.05,3.65,17.2,116.1,90.2
Luka Doncic,61,33.6,36.8,0.758,0.316,0.531,28.8,9.4,8.8,0.98,0.23,4.28,15.9,115.6,104
LeBron James,67,34.6,31.5,0.693,0.348,0.55,25.3,7.8,10.2,1.16,0.54,3.9,14.6,115.4,103.8
Nikola Jokic,73,32,26.6,0.817,0.314,0.565,19.9,9.7,7,1.16,0.6,3.08,13.8,118.8,101.5
James Harden,68,36.5,36.2,0.865,0.355,0.543,34.3,6.5,7.5,1.84,0.88,4.49,13,120.3,103.3
Stephen Curry,5,27.9,33.6,1,0.245,0.476,20.8,5.2,6.6,1,0.4,3.2,12.8,109.4,108.3
Karl-Anthony Towns,35,33.9,28.8,0.796,0.412,0.6,26.5,10.8,4.4,0.94,1.2,3.14,12.7,120.7,104
Russell Westbrook,57,36,34.4,0.763,0.258,0.493,27.2,7.9,7,1.65,0.35,4.47,12.7,105.6,102.4
Joel Embiid,51,29.5,33,0.807,0.331,0.512,23,11.6,3,0.86,1.29,3.12,12.6,113,96.8
Kawhi Leonard,57,32.4,33,0.886,0.378,0.524,27.1,7.1,4.9,1.81,0.58,2.61,12.1,117,101.9
Johnathan Motley,13,3.2,23.5,0.714,1,0.767,2.2,0.8,0.5,0.23,0,0.38,12,,
Domantas Sabonis,62,34.8,23.3,0.723,0.254,0.551,18.5,12.4,5,0.73,0.48,2.76,12,115,99.1
Trae Young,60,35.3,34.9,0.86,0.361,0.519,29.6,4.2,9.3,1.08,0.13,4.8,11.9,113.9,115.2
Ryan Anderson,2,7,23.7,0,0.2,0.357,2.5,3.5,1,0.5,0,0.5,11.8,77.5,94.4
Dewan Hernandez,6,4.7,29.1,0.6,0.5,0.393,2.3,2.3,0.5,0.17,0,0.5,11.8,94.4,80.6
Kyrie Irving,20,32.9,32.6,0.922,0.394,0.546,27.4,5.2,6.4,1.35,0.5,2.6,11.8,118.6,104.1
Ben Simmons,57,35.4,20.9,0.621,0.286,0.58,16.4,7.8,8,2.11,0.58,3.51,11.4,115.2,100.7
Jusuf Nurkic,8,31.7,24,0.886,0.2,0.505,17.6,10.3,4,1.38,2,2.38,11.3,115.5,98.3
Jabari Parker,6,13.4,23.7,0.889,0.25,0.597,8.5,3.8,1.7,0.5,0.17,0.67,11.3,128.7,106.1
Nikola Vucevic,62,32.2,25.8,0.784,0.339,0.525,19.6,10.8,3.6,0.87,0.76,1.42,11.3,113.4,103
Bam Adebayo,72,33.6,21.2,0.691,0.143,0.558,15.9,10.2,5.1,1.14,1.29,2.82,11.2,116.2,102.2
Andre Drummond,49,33.7,25.5,0.584,0.048,0.531,17.8,15.8,2.8,1.98,1.67,3.55,11,104.3,97.5
Frank Mason,9,13.1,24.3,0.588,0.286,0.51,6.9,2.1,3.2,0.56,0.11,1.22,11,109.2,96.8
Khris Middleton,62,29.9,26.3,0.916,0.415,0.575,20.9,6.2,4.3,0.85,0.11,2.19,11,118.1,97.8
Jimmy Butler,58,33.8,25.1,0.834,0.244,0.474,19.9,6.6,6,1.78,0.55,2.19,10.9,122.5,107.2
Kyle O'Quinn,29,10.8,15.7,0.55,0.259,0.535,3.5,4,1.8,0.24,0.83,0.69,10.9,116,97.7
Malcolm Brogdon,54,30.9,25.2,0.892,0.326,0.488,16.5,4.9,7.1,0.65,0.19,2.43,10.8,110.4,106.9
Damian Lillard,66,37.5,30.3,0.888,0.401,0.563,30,4.3,8,1.06,0.33,2.94,10.8,126.1,115.5
Eric Bledsoe,61,27,23.7,0.79,0.344,0.526,14.9,4.7,5.4,0.92,0.43,2.43,10.7,111.4,98.2
Anthony Davis,62,34.4,29.3,0.846,0.33,0.536,26.1,9.3,3.2,1.47,2.31,2.48,10.7,120.3,100.6
D'Angelo Russell,12,32.6,29.5,0.873,0.345,0.505,21.7,4.6,6.6,1.42,0.33,3.92,10.7,105.1,110.2
Paul George,48,29.6,29.6,0.876,0.412,0.539,21.5,5.7,3.9,1.4,0.42,2.6,10.6,111.9,100.9
Chris Paul,70,31.5,23.3,0.907,0.365,0.552,17.6,5,6.7,1.59,0.16,2.3,10.6,120.4,103
Mason Plumlee,61,17.3,18,0.535,0,0.615,7.2,5.2,2.5,0.52,0.61,1.33,10.5,117.4,98.1
Ricky Rubio,65,31,20.4,0.863,0.361,0.471,13,4.7,8.8,1.45,0.17,2.66,10.5,112.4,105.2
Shamorie Ponds,4,2.7,23.7,1,0.5,0.7,2.3,0.3,0.5,0,0.25,0,10.4,,
Jonas Valanciunas,70,26.4,21.6,0.74,0.352,0.605,14.9,11.3,1.9,0.44,1.1,1.81,10.4,119.1,100.1
DeMar DeRozan,68,34.1,26.3,0.844,0.257,0.535,22.1,5.5,5.6,1.03,0.29,2.41,10.3,118.3,108.6
Kevin Love,56,31.8,23.2,0.854,0.374,0.55,17.6,9.8,3.2,0.59,0.34,2.52,10.3,112.5,110.1
Chimezie Metu,18,5.9,23.7,0.769,0,0.571,3.2,1.8,0.6,0.17,0.33,0.56,10.3,113,108.4
Ja Morant,67,31,25.9,0.776,0.335,0.509,17.8,3.9,7.3,0.88,0.27,3.28,10.3,108.4,110.7
Julius Randle,64,32.5,27.6,0.733,0.277,0.493,19.5,9.7,3.1,0.8,0.34,3.03,10.3,104.4,105.7
Bradley Beal,57,36,34.4,0.843,0.353,0.52,30.6,4.2,6.1,1.26,0.4,3.42,10.2,112.6,114
De'Aaron Fox,51,32,29.8,0.705,0.292,0.513,21.1,3.8,6.8,1.45,0.49,3.12,10.2,110.4,106.7
D'Angelo Russell,33,32.1,32.2,0.785,0.374,0.524,23.6,3.7,6.2,0.91,0.27,3.06,10.2,106.7,112.3
Spencer Dinwiddie,64,31.2,29.2,0.778,0.308,0.476,20.6,3.5,6.8,0.63,0.33,2.72,10.1,111,105.1
Boban Marjanovic,42,10,26.9,0.754,0.235,0.586,6.9,4.7,0.5,0.19,0.24,0.74,10.1,118.8,96.6
Elfrid Payton,45,27.7,19.5,0.57,0.203,0.455,10,4.7,7.2,1.58,0.38,2.11,10.1,104.8,107.8
Devin Booker,70,35.9,30,0.919,0.354,0.544,26.6,4.2,6.5,0.69,0.26,3.77,10,115.3,107.3
Andre Drummond,8,28.1,28.8,0.513,0.286,0.571,17.5,11.1,1.8,1.5,1.38,3.63,10,99.3,100.8
Brandon Ingram,62,33.9,28.1,0.851,0.391,0.531,23.8,6.1,4.2,0.98,0.6,3.03,10,111.4,106.8
Dejounte Murray,66,25.6,20.8,0.798,0.369,0.494,10.9,5.8,4.1,1.68,0.26,1.89,10,104.7,104.4
Lonzo Ball,63,32.1,18.4,0.566,0.375,0.511,11.8,6.1,6.9,1.41,0.59,3.05,9.9,103.1,108.2
James Johnson,14,24.2,21.4,0.676,0.37,0.566,12,4.7,3.8,1.29,1.43,2.36,9.9,109.1,100.9
Kyle Lowry,58,36.2,23.1,0.857,0.352,0.518,19.4,5,7.5,1.41,0.45,3.07,9.9,115.9,99.9
J.J. Barea,29,15.5,24.2,0.909,0.376,0.488,7.7,1.8,3.9,0.17,0.07,1.31,9.8,108.6,110.7
Jrue Holiday,61,34.7,24.6,0.709,0.353,0.516,19.1,4.8,6.7,1.62,0.8,3.07,9.8,107.4,108.8
DeAndre Jordan,56,22,14.1,0.68,0,0.666,8.3,10,1.9,0.32,0.93,1.32,9.8,127.5,98.3
Willy Hernangomez,31,12.1,22.9,0.627,0.227,0.55,6.1,4.4,0.9,0.32,0.23,0.97,9.6,109.8,103.7
Derrick Rose,50,26,31.6,0.871,0.306,0.52,18.1,2.4,5.6,0.8,0.34,2.52,9.6,109.6,114
Zion Williamson,24,27.8,30.5,0.64,0.429,0.592,22.5,6.3,2.1,0.67,0.38,2.46,9.6,114.6,110.2
Draymond Green,43,28.4,15.7,0.759,0.279,0.448,8,6.2,6.2,1.37,0.77,2.28,9.5,100.6,105.2
Stanley Johnson,25,6,23.1,0.563,0.292,0.432,2.4,1.5,0.8,0.24,0.16,0.6,9.5,89.7,95.6
Caris LeVert,45,29.6,29.4,0.711,0.364,0.48,18.7,4.2,4.4,1.18,0.22,2.6,9.5,102.2,106.8
T.J. McConnell,71,18.7,17.5,0.833,0.294,0.521,6.5,2.7,5,0.8,0.15,1.41,9.5,112.2,106.4
Pascal Siakam,60,35.2,28.1,0.792,0.359,0.512,22.9,7.3,3.5,1.02,0.88,2.47,9.5,107.1,99.9
Lou Williams,65,28.7,28.4,0.861,0.352,0.477,18.2,3.1,5.6,0.66,0.18,2.8,9.5,108.8,108.6
Marquese Chriss,59,20.3,19,0.769,0.205,0.554,9.3,6.2,1.9,0.66,1.05,1.32,9.4,116.6,104.5
Gordon Hayward,52,33.5,21.1,0.855,0.383,0.561,17.5,6.7,4.1,0.73,0.42,1.85,9.4,118.1,105.5
Joakim Noah,5,10,14.6,0.75,0,0.5,2.8,3.2,1.4,0.2,0.2,1.2,9.3,106,90.6
Dion Waiters,3,14,30.8,0,0.471,0.538,9.3,3.7,1,0,0.67,1,9.3,93.2,98.8
Kemba Walker,56,31.1,27.2,0.864,0.381,0.526,20.4,3.9,4.8,0.86,0.5,2.09,9.3,115.8,107.4
Steven Adams,63,26.7,17.3,0.582,0.333,0.593,10.9,9.3,2.3,0.81,1.06,1.51,9.2,122,101.9
Harry Giles III,46,14.5,20.6,0.776,0,0.554,6.9,4.1,1.3,0.48,0.39,0.96,9.2,111.1,94
Enes Kanter,58,17,19.4,0.707,0.143,0.573,8.1,7.4,1,0.4,0.71,0.97,9.2,122.1,97
Zach LaVine,60,34.8,31.7,0.802,0.38,0.526,25.5,4.8,4.2,1.45,0.47,3.43,9.2,106.9,108.4
Rajon Rondo,48,20.5,18.7,0.659,0.328,0.482,7.1,3,5,0.81,0.04,1.9,9.2,102.6,104.6
Jayson Tatum,66,34.3,28.6,0.812,0.403,0.527,23.4,7,3,1.42,0.86,2.33,9.2,110.5,103.5
Deandre Ayton,38,32.5,23.6,0.753,0.231,0.548,18.2,11.5,1.9,0.66,1.53,2.11,9.1,110.4,102.9
Goran Dragic,59,28.2,25.9,0.776,0.367,0.526,16.2,3.2,5.1,0.68,0.17,2.46,9.1,110.3,106.6
Aaron Gordon,62,32.5,20.7,0.674,0.308,0.484,14.4,7.7,3.7,0.82,0.63,1.61,9.1,107.2,105.8
Al Horford,67,30.2,17.5,0.763,0.35,0.52,11.9,6.8,4,0.81,0.91,1.19,9.1,114.6,105
Jeremiah Martin,9,11,26.7,0.786,0.278,0.5,7.1,1.1,2,0.78,0.22,0.44,9.1,115.8,104.3
Jalen Brunson,57,17.9,20.3,0.813,0.358,0.522,8.2,2.4,3.3,0.39,0.07,1.16,9,113.6,108.3
Jordan McRae,29,22.5,24.9,0.771,0.377,0.483,12.8,3.6,2.8,0.66,0.52,1.31,9,106,109.8
Donovan Mitchell,69,34.3,30.8,0.863,0.366,0.513,24,4.4,4.3,1.01,0.2,2.67,9,109.5,105.7
Shabazz Napier,36,23.8,19.1,0.818,0.296,0.486,9.6,3.1,5.2,1.14,0.19,2.11,9,108.1,108.9
Dragan Bender,9,21.6,20.1,0.727,0.324,0.514,9,5.9,2.1,0.44,0.44,1.78,8.9,100.9,102.4
Thomas Bryant,46,24.9,18.9,0.739,0.407,0.626,13.2,7.2,1.8,0.54,1.07,1.15,8.9,126,108.6
Chris Chiozza,18,15.5,19.7,1,0.357,0.519,6.4,2.1,3.1,0.61,0.11,1.28,8.9,106.5,103.8
Gorgui Dieng,46,16.9,18.4,0.797,0.383,0.531,7.4,5.6,1.3,0.8,0.91,0.96,8.9,112.6,101.2
Reggie Jackson,14,27.2,27,0.788,0.378,0.462,14.9,2.9,5.1,0.57,0.07,1.64,8.9,106,112.5
De'Anthony Melton,60,19.5,19.2,0.769,0.286,0.451,7.6,3.7,2.9,1.27,0.33,1.4,8.9,102,102.5
Kristaps Porzingis,57,31.8,27,0.799,0.352,0.503,20.4,9.5,1.8,0.72,2.02,1.61,8.9,110.7,101.4
Ivica Zubac,72,18.4,16.4,0.747,0,0.61,8.3,7.6,1.1,0.22,0.92,0.85,8.9,132.1,95.4
Willie Cauley-Stein,13,12.1,14.7,0.556,0,0.689,5.2,4.6,0.8,0.31,0.85,0.38,8.8,134.5,97.6
Tobias Harris,72,34.3,23.9,0.805,0.367,0.527,19.6,6.9,3.2,0.72,0.56,1.44,8.8,112.3,105.9
Frank Kaminsky,39,19.9,21,0.678,0.331,0.516,9.7,4.5,1.9,0.38,0.26,0.95,8.8,109.5,104.2
Jamal Murray,59,32.3,25.2,0.881,0.346,0.519,18.5,4,4.8,1.14,0.29,2.15,8.8,111.5,110.3
Jahlil Okafor,30,15.6,19.9,0.645,0.333,0.627,8.1,4.2,1.2,0.23,0.73,1.27,8.8,116.6,101.1
Cameron Payne,8,22.9,19.1,0.857,0.517,0.596,10.9,3.9,3,1,0.25,1.38,8.8,114.7,102.1
Thanasis Antetokounmpo,20,6.4,21.6,0.412,0,0.5,2.8,1.2,0.8,0.35,0.1,0.6,8.7,97.9,91.9
Devonte' Graham,63,35.1,24.8,0.82,0.373,0.495,18.2,3.3,7.5,0.98,0.24,2.87,8.7,109.6,112.4
Blake Griffin,18,28.5,28.4,0.776,0.243,0.406,15.5,4.7,3.3,0.39,0.39,2.22,8.7,97.5,111.8
Montrezl Harrell,63,27.8,25.7,0.658,0,0.579,18.6,7.1,1.7,0.63,1.11,1.71,8.7,118.5,102.2
John Henson,29,14.2,16.2,0.515,0.194,0.533,5,3.9,1.5,0.55,1.1,0.72,8.7,111.5,101.5
Jakob Poeltl,66,17.7,13.1,0.465,0,0.624,5.6,5.7,1.8,0.56,1.45,0.8,8.7,125.5,103.5
Andrew Wiggins,42,34.7,27.9,0.72,0.331,0.502,22.4,5.2,3.7,0.69,0.86,2.52,8.7,104.6,110.6
Will Barton,58,33,20.1,0.77,0.375,0.523,15.1,6.3,3.7,1.07,0.5,1.52,8.6,112.2,107.8
John Konchar,19,9.5,10.3,0.5,0.5,0.716,2.8,2.5,1.2,0.37,0.16,0.37,8.6,138.9,109.9
Naz Reid,30,16.5,24,0.698,0.33,0.477,9,4.1,1.2,0.63,0.73,0.73,8.6,104.8,97.6
Nickeil Alexander-Walker,47,12.6,23.3,0.676,0.346,0.455,5.7,1.8,1.9,0.36,0.17,1.15,8.5,93.2,106.4
Aron Baynes,42,22.2,21.2,0.747,0.351,0.556,11.5,5.7,1.6,0.21,0.55,1.19,8.5,112.8,99
Alec Burks,48,29,23.8,0.897,0.375,0.476,16.1,4.7,3.1,1.02,0.33,1.58,8.5,110.7,109.2
Alec Burks,18,20.2,23.6,0.829,0.416,0.557,12.2,3.1,2.1,0.67,0,0.83,8.5,119.5,107.3
Derrick Favors,51,24.4,14,0.563,0.143,0.62,9,9.8,1.6,0.59,0.9,1.08,8.5,124.5,103.9
Markelle Fultz,72,27.7,21.4,0.73,0.267,0.488,12.1,3.3,5.1,1.25,0.17,2.04,8.5,104.2,105.6
Rudy Gay,67,21.8,22,0.882,0.336,0.508,10.8,5.4,1.7,0.52,0.49,1.31,8.5,106.7,108.2
Reggie Jackson,17,21.3,19.1,0.905,0.413,0.555,9.5,3,3.2,0.29,0.24,1.65,8.5,110.9,101.6
Jeff Teague,34,27.8,20.2,0.868,0.379,0.497,13.2,2.6,6.1,0.74,0.38,2.24,8.5,116.1,110.8
Fred VanVleet,54,35.7,21.7,0.848,0.39,0.507,17.6,3.8,6.6,1.8,0.31,2.2,8.5,112.9,102.6
Cody Zeller,58,23.1,20.8,0.682,0.24,0.542,11.1,7.1,1.5,0.69,0.43,1.29,8.5,115.2,103
LaMarcus Aldridge,53,33.1,23.4,0.827,0.389,0.531,18.9,7.4,2.4,0.68,1.64,1.4,8.4,114.7,109.1
Jarrett Allen,70,26.5,14.9,0.633,0,0.649,11.1,9.6,1.6,0.57,1.31,1.1,8.4,131.3,101
Nemanja Bjelica,72,27.9,17,0.821,0.417,0.583,11.5,6.3,2.8,0.85,0.56,1.36,8.4,118.3,103.5
Brandon Goodwin,34,12.7,22.4,0.933,0.299,0.468,6.1,2.1,1.5,0.35,0.12,0.85,8.4,100.8,108.9
Isaiah Hartenstein,23,11.6,14.8,0.679,0,0.657,4.7,3.9,0.8,0.39,0.52,0.7,8.4,127.6,95.5
Emmanuel Mudiay,54,15.7,22.6,0.759,0.345,0.509,7.3,2.3,2.1,0.44,0.19,1.41,8.4,103,104
Dennis Schroder,65,30.8,27.2,0.839,0.385,0.534,18.9,3.6,4,0.71,0.22,2.55,8.4,107.7,105.5
Dennis Smith Jr.,34,15.8,23.1,0.509,0.296,0.379,5.5,2.3,2.9,0.82,0.24,1.71,8.4,84.2,103.1
Ish Smith,68,26.3,19.1,0.721,0.367,0.492,10.9,3.2,4.9,0.88,0.44,1.4,8.4,107.8,113.9
Tristan Thompson,57,30.2,18.3,0.615,0.391,0.521,12,10.1,2.1,0.56,0.88,1.81,8.4,111.1,109.5
Hassan Whiteside,67,30,19.6,0.686,0.571,0.624,15.5,13.5,1.2,0.39,2.93,1.79,8.4,124.4,103.5
Justise Winslow,11,32,20.6,0.667,0.222,0.411,11.3,6.6,4,0.73,0.45,2.18,8.4,92.9,101.2
Troy Brown Jr.,69,25.8,17.8,0.784,0.341,0.488,10.4,5.6,2.6,1.22,0.1,1.14,8.3,108.2,109.7
Michael Carter-Williams,45,18.5,18.3,0.832,0.293,0.469,7.2,3.3,2.4,1.09,0.49,1.16,8.3,109.3,100.5
Brandon Clarke,58,22.4,18.6,0.759,0.359,0.645,12.1,5.9,1.4,0.57,0.83,0.95,8.3,126.6,105.5
John Collins,41,33.2,22.7,0.8,0.401,0.632,21.6,10.1,1.5,0.76,1.61,1.83,8.3,123.5,106.6
Shai Gilgeous-Alexander,70,34.7,23.6,0.807,0.347,0.515,19,5.9,3.3,1.13,0.67,1.93,8.3,111.3,106.4
Buddy Hield,72,30.8,27.2,0.846,0.394,0.545,19.2,4.6,3,0.93,0.24,2.33,8.3,106,108.7
George Hill,59,21.5,15.5,0.842,0.46,0.624,9.4,3,3.1,0.8,0.08,0.97,8.3,130.3,100.4
Rondae Hollis-Jefferson,60,18.7,17.2,0.734,0.13,0.476,7,4.7,1.8,0.77,0.38,0.97,8.3,113.7,97.5
Serge Ibaka,55,27,24,0.718,0.385,0.564,15.4,8.2,1.4,0.51,0.84,1.98,8.3,107.6,96.4
Larry Nance Jr.,56,26.3,15.2,0.676,0.352,0.596,10.1,7.3,2.2,0.98,0.39,1.07,8.3,121.9,109.4
Kelly Olynyk,67,19.4,17.4,0.86,0.406,0.582,8.2,4.6,1.7,0.67,0.34,1.06,8.3,116.1,96.6
Jabari Parker,32,26.2,24,0.736,0.27,0.543,15,6,1.8,1.31,0.47,1.88,8.3,106.3,105.7
Chris Silva,44,7.9,17.2,0.673,0,0.615,3,2.9,0.5,0.18,0.48,0.75,8.3,119.6,85.1
Caleb Swanigan,20,13.3,12.9,0.533,0,0.605,3,4.7,1.5,0.1,0.25,1.55,8.3,98.2,94.3
PJ Dozier,29,14.2,20.8,0.724,0.347,0.468,5.8,1.9,2.2,0.48,0.21,0.93,8.2,101.9,103.7
Alex Len,40,18.6,18.8,0.63,0.25,0.571,8.7,5.8,1.1,0.5,0.83,1,8.2,114.5,104
CJ McCollum,70,36.5,25.9,0.757,0.379,0.522,22.2,4.3,4.4,0.77,0.6,1.81,8.2,110.8,113.1
Tomas Satoransky,65,28.9,16.7,0.876,0.322,0.488,9.9,3.9,5.4,1.23,0.11,2,8.2,110.7,108
Noah Vonleh,29,12,13.8,0.821,0.143,0.558,4.1,4,0.9,0.38,0.21,0.62,8.2,120.1,103.4
Derrick White,68,24.7,18.9,0.853,0.366,0.53,11.3,3.3,3.5,0.66,0.85,1.31,8.2,118,108.1
Andrew Wiggins,12,33.6,25.4,0.672,0.339,0.511,19.4,4.6,3.6,1.33,1.33,2.08,8.2,106.2,111.4
Robert Williams III,29,13.4,13.5,0.647,0,0.727,5.2,4.4,0.9,0.79,1.21,0.69,8.2,134.4,92.8
Delon Wright,73,21.5,14.4,0.77,0.367,0.518,6.9,3.8,3.3,1.15,0.3,1,8.2,119,107.1
Mike Conley,47,29,23.1,0.827,0.375,0.494,14.4,3.2,4.4,0.79,0.11,1.96,8.1,109.2,106
Terence Davis,72,16.8,19,0.864,0.388,0.564,7.5,3.3,1.6,0.54,0.19,1.06,8.1,110.4,98.1
Donte DiVincenzo,66,23,17.3,0.733,0.336,0.536,9.2,4.8,2.3,1.33,0.32,1.36,8.1,108.1,96.6
Marc Gasol,44,26.4,13.2,0.735,0.385,0.529,7.5,6.2,3.3,0.77,0.86,1.34,8.1,110.1,96
Josh Jackson,22,17.3,22.8,0.7,0.319,0.513,9,3,1.6,0.82,0.41,1.27,8.1,103,102.6
Bobby Portis,66,21.1,21.4,0.763,0.358,0.507,10.1,5.1,1.5,0.5,0.27,1.11,8.1,106.6,107.6
Luka Samanic,3,16.1,17.6,0.75,0.375,0.406,5.3,3.3,2,0,0.67,0.67,8.1,98.3,104.4
Dario Saric,66,24.7,17.8,0.844,0.357,0.554,10.7,6.2,1.9,0.56,0.24,1.33,8.1,113.9,103.9
Christian Wood,62,21.4,23,0.745,0.386,0.62,13.1,6.3,1,0.55,0.89,1.35,8.1,122.6,106.3
Patrick Beverley,51,26.3,13.3,0.66,0.388,0.548,7.9,5.2,3.6,1.06,0.49,1.29,8,115.1,97.9
Michael Porter Jr.,55,16.4,22.3,0.833,0.422,0.59,9.3,4.7,0.8,0.49,0.45,0.89,8,117,100.7
Terry Rozier,63,34.4,23.8,0.869,0.405,0.513,18,4.4,4.1,0.95,0.16,2.24,8,108.5,110.8
Noah Vonleh,7,4.3,14,0.5,1,0.917,1.9,1.1,0.3,0,0,0.29,8,135.1,101.7
Moritz Wagner,45,18.6,18.6,0.821,0.313,0.592,8.7,4.9,1.2,0.62,0.42,1.47,8,113.7,98.4
Kyle Anderson,67,19.8,13.5,0.667,0.282,0.511,5.8,4.3,2.4,0.78,0.55,0.99,7.9,108.9,104.6
Trey Burke,25,13.1,19.2,0.722,0.421,0.528,5.9,1.4,2.1,0.28,0.04,0.48,7.9,118.1,108.9
Bruno Caboclo,8,6.5,22.7,1,0.25,0.55,3.5,2,0.3,0.63,0.63,0.75,7.9,108.1,93.2
Rudy Gobert,68,34.3,16.2,0.63,0,0.693,15.1,13.5,1.5,0.72,1.97,1.91,7.9,130,99.2
Joe Ingles,72,29.7,15,0.787,0.399,0.572,9.8,3.9,5.2,0.9,0.15,1.96,7.9,115.2,105.5
Tyler Johnson,8,24.3,19.8,1,0.389,0.494,12,3.1,3,0.5,0.13,0.63,7.9,121.2,106.7
Tyus Jones,65,19,17.2,0.741,0.379,0.514,7.4,1.6,4.4,0.91,0.09,0.85,7.9,116.1,112.1
Victor Oladipo,19,27.8,26.5,0.814,0.317,0.461,14.5,3.9,2.9,0.89,0.21,2.47,7.9,94.3,105.3
Justin Wright-Foreman,4,11.3,23.9,0.75,0.2,0.4,4.8,1.3,1.8,0.5,0,0.75,7.9,92.8,100.6
Bruce Brown,58,28.2,16,0.739,0.344,0.48,8.9,4.7,4,1.09,0.5,1.74,7.8,106.2,105.2
Shaquille Harrison,43,11.3,18.1,0.78,0.381,0.515,4.9,2,1.1,0.81,0.44,0.44,7.8,116.3,100.3
Brandon Knight,9,24.6,22.2,0.762,0.388,0.543,11.6,2.3,4.2,0.56,0.11,2.44,7.8,106.2,108.2
Skal Labissiere,33,17.2,14.3,0.758,0.231,0.561,5.8,5.1,1.3,0.21,0.94,0.91,7.8,120,101.4
Paul Millsap,51,24.3,20,0.816,0.435,0.543,11.6,5.7,1.6,0.86,0.59,1.37,7.8,115.8,100.9
Naz Mitrou-Long,5,9.4,18.7,0,0.167,0.412,2.8,1.4,1.6,0.2,0.2,0.6,7.8,87.1,108
Shabazz Napier,20,24.4,21.6,0.831,0.358,0.512,11.6,2.4,3.8,1.45,0.2,2.6,7.8,103.7,110.9
Vincent Poirier,22,5.9,15.4,0.857,0.5,0.486,1.9,2,0.4,0.09,0.41,0.36,7.8,106.2,88.7
Alen Smailagic,14,9.9,18.3,0.842,0.231,0.538,4.2,1.9,0.9,0.21,0.29,0.79,7.8,112.3,107.7
Marcus Smart,60,32,18.9,0.836,0.347,0.476,12.9,3.8,4.9,1.67,0.48,1.73,7.8,109.4,102.6
Jeff Teague,25,20.8,18.3,0.887,0.333,0.442,7.7,2.2,4,0.76,0.24,1.6,7.8,105.4,113.4
Coby White,65,25.8,24.4,0.791,0.354,0.478,13.2,3.6,2.7,0.75,0.09,1.68,7.8,100.2,108.3
Bogdan Bogdanovic,61,28.9,22.5,0.741,0.372,0.547,15.1,3.4,3.4,1.07,0.25,1.66,7.7,109.9,108.7
Bol Bol,6,14.5,21.2,0.8,0.444,0.571,6.7,3.2,1,0.33,1,1.67,7.7,101.6,100.8
Jaylen Brown,57,33.9,24.7,0.724,0.382,0.554,20.3,6.4,2.1,1.16,0.35,2.19,7.7,110.2,101.6
Nicolas Claxton,15,12.5,14.8,0.524,0.143,0.573,4.4,2.9,1.1,0.07,0.53,0.6,7.7,117.4,106.5
Drew Eubanks,22,12.4,15.8,0.769,1,0.649,4.9,3.9,0.7,0.23,0.77,0.95,7.7,119.5,101.3
Tacko Fall,7,4.6,24,0.333,0,0.786,3.3,2.1,0.1,0.29,0.57,0.43,7.7,114.7,77.2
Danilo Gallinari,62,29.6,24.6,0.893,0.405,0.547,18.7,5.2,1.9,0.68,0.08,1.23,7.7,119.7,107.6
Kevin Hervey,10,5.2,22.8,0,0.15,0.315,1.7,1.2,0.5,0.1,0.1,0,7.7,78,102.5
Alize Johnson,17,6.9,15.1,0.7,0.375,0.466,2,2.9,0.4,0.18,0.12,0.41,7.7,108.2,97.1
Theo Pinson,33,11.1,22.3,0.938,0.188,0.339,3.6,1.6,1.7,0.52,0.12,1,7.7,80.4,102.2
Daniel Theis,65,24.1,14.4,0.763,0.333,0.603,9.2,6.5,1.7,0.57,1.29,0.83,7.7,129.3,95.5
Jordan Bell,27,8.7,15.9,0.586,0.222,0.55,3.1,2.9,0.5,0.07,0.37,0.67,7.6,108,108.4
Jordan Clarkson,29,23,25.9,0.884,0.371,0.532,14.6,2.4,2.4,0.59,0.28,1.34,7.6,116,114.9
Jae Crowder,45,29.4,15.6,0.789,0.293,0.466,9.9,6.2,2.8,1.04,0.31,1.2,7.6,105.2,106.7
Damion Lee,49,29,19,0.873,0.356,0.5,12.7,4.9,2.7,1.02,0.12,1.37,7.6,108,108.4
Josh Magette,8,4.7,23.8,0.5,0.25,0.367,1.5,0.8,0.6,0.38,0.13,0.63,7.6,71.2,98.8
Jeremy Pargo,3,14.8,25.5,0,0.429,0.568,8.3,1,2.7,0.33,0,1.33,7.6,103,101.2
Denzel Valentine,36,13.6,23.3,0.75,0.336,0.506,6.8,2.1,1.2,0.72,0.17,0.72,7.6,100.3,102.5
Paul Watson,8,8.7,15.9,0.778,0.444,0.632,3.9,1.9,0.6,0.38,0.13,0.38,7.6,127,101.4
D.J. Augustin,57,24.9,19.1,0.89,0.348,0.475,10.5,2.1,4.6,0.58,0.02,1.51,7.5,113.9,110
Mo Bamba,62,14.2,17.1,0.674,0.346,0.526,5.4,4.9,0.7,0.37,1.37,0.68,7.5,110.1,96.7
RJ Barrett,56,30.4,24,0.614,0.32,0.445,14.3,5,2.6,0.95,0.3,2.21,7.5,94.9,109.3
Clint Capela,39,32.8,16.1,0.529,0,0.629,13.9,13.8,1.2,0.87,1.79,1.62,7.5,123.4,101.9
Bruno Fernando,56,12.7,15.3,0.569,0.135,0.53,4.3,3.5,0.9,0.32,0.3,0.75,7.5,107,102.4
Tim Frazier,27,13.1,17.3,0.792,0.333,0.415,3.6,1.2,3.4,0.52,0.11,1.33,7.5,99.6,104.8
Ersan Ilyasova,63,15.7,16.1,0.828,0.365,0.546,6.6,4.8,0.8,0.37,0.27,0.54,7.5,118.7,94.6
Jordan McLaughlin,30,19.7,15.8,0.667,0.382,0.57,7.6,1.6,4.2,1.13,0.13,1.03,7.5,121.5,111.3
Shake Milton,40,20.1,18.8,0.785,0.43,0.588,9.4,2.2,2.6,0.48,0.18,1.18,7.5,117.6,102.5
Malik Monk,55,21.3,22.9,0.82,0.284,0.494,10.3,2.9,2.1,0.45,0.29,1.4,7.5,102.7,110.4
Justin Patton,5,4.8,21.8,0,0.25,0.45,1.8,1,0.4,0,0,0.4,7.5,85.6,95.6
D.J. Wilson,37,9.8,18.1,0.611,0.247,0.462,3.6,2.5,0.7,0.08,0.14,0.51,7.5,94.1,96.7
Dragan Bender,7,13,12.4,0.667,0.444,0.571,3.7,2.9,1.3,0,0.71,0.71,7.4,104.8,88.3
Trey Burke,8,23.9,21.4,0.909,0.432,0.524,12,1.9,3.8,1.13,0.13,1.13,7.4,114.6,108.8
Luke Kennard,28,32.9,19.8,0.893,0.399,0.548,15.8,3.5,4.1,0.43,0.21,1.54,7.4,117.5,110.8
Dzanan Musa,40,12.2,20.1,0.75,0.244,0.427,4.8,2.2,1.1,0.38,0.03,0.9,7.4,95.8,106.5
Eric Paschall,60,27.6,21.4,0.774,0.287,0.525,14,4.6,2.1,0.53,0.22,1.57,7.4,110,110.8
Isaiah Thomas,40,23.1,24.1,0.816,0.413,0.5,12.2,1.7,3.7,0.33,0.15,1.9,7.4,102.8,113.7
Jordan Bell,2,10.7,21.2,1,0.667,0.571,5,1.5,1,0.5,0,1.5,7.3,102.8,106.7
Tony Bradley,58,11.4,15.8,0.652,1,0.675,4.9,4.6,0.4,0.24,0.57,0.52,7.3,134.7,91.9
Willie Cauley-Stein,41,22.9,14.4,0.614,0,0.56,7.9,6.2,1.5,1.12,1.22,0.85,7.3,114.3,103.2
Chris Chiozza,10,12.3,14.6,0,0.438,0.397,2.7,1.5,2.8,1,0.2,0.9,7.3,91,106.5
Cheick Diallo,47,10.2,17,0.872,0.333,0.651,4.7,2.8,0.5,0.23,0.26,0.68,7.3,119,101.2
John Henson,11,17.1,16.6,0.462,0.4,0.686,6.9,4.4,1,0.73,0.91,1.36,7.3,111.5,101
Kevin Huerter,56,31.4,17.1,0.828,0.38,0.517,12.2,4.1,3.8,0.91,0.48,1.55,7.3,107.4,112
Markieff Morris,44,22.5,21.8,0.772,0.397,0.546,11,3.9,1.6,0.59,0.23,1.59,7.3,104.4,104.7
Elie Okobo,55,13.1,14.8,0.704,0.352,0.467,4,1.6,2.1,0.45,0.07,0.69,7.3,108.5,107.4
Kadeem Allen,10,11.7,20.6,0.636,0.313,0.489,5,0.9,2.1,0.5,0.2,0.8,7.2,106,111.9
Jarrell Brantley,9,10.7,16.3,0.5,0.231,0.411,2.7,2.2,1.2,0.33,0.56,0.78,7.2,84.9,103.4
Gorgui Dieng,17,18.7,15.9,0.738,0.25,0.529,7.2,5.8,0.9,0.82,1,0.94,7.2,111.8,99.1
Kris Dunn,51,24.9,14.6,0.741,0.259,0.487,7.3,3.7,3.4,1.96,0.35,1.33,7.2,104.4,98.8
Josh Hart,65,27,15.3,0.739,0.342,0.537,10.1,6.6,1.7,0.97,0.35,1.15,7.2,110,104.4
Tyler Herro,55,27.4,22.2,0.87,0.389,0.52,13.5,4.1,2.2,0.62,0.16,1.58,7.2,102.9,108.3
Ty Jerome,31,10.6,17.9,0.75,0.28,0.398,3.3,1.5,1.4,0.48,0.1,0.58,7.2,91.7,104.9
Ian Mahinmi,38,21.3,15.7,0.619,0.192,0.505,7.4,5.8,1.3,0.82,1.16,1.18,7.2,109.6,102.9
Terance Mann,41,8.8,12.6,0.667,0.35,0.513,2.4,1.3,1.3,0.27,0.12,0.44,7.2,113.3,98.3
Caleb Swanigan,7,3.3,20.7,0.5,0,0.5,0.7,1,0.3,0.14,0.29,0.86,7.2,,
Allonzo Trier,24,12.1,21.6,0.791,0.358,0.571,6.5,1.3,1.2,0.13,0.17,0.96,7.2,113.9,108.9
Evan Turner,19,13.2,16.4,0.857,0,0.373,3.3,2,2,0.47,0.42,1.37,7.2,83.7,111.2
Thaddeus Young,64,24.9,19.7,0.583,0.354,0.512,10.3,4.9,1.8,1.44,0.36,1.59,7.2,100.7,104.4
Malik Beasley,14,33.1,23.8,0.75,0.426,0.577,20.7,5.1,1.9,0.64,0.14,1.57,7.1,110.9,111.4
Sterling Brown,52,14.7,17,0.8,0.324,0.457,5.1,3.5,1,0.56,0.13,0.81,7.1,96.3,97.5
Pat Connaughton,67,18.6,12.3,0.775,0.331,0.547,5.4,4.2,1.6,0.36,0.48,0.76,7.1,113.4,100.5
Jaxson Hayes,64,16.9,15,0.647,0.25,0.671,7.4,4.1,0.9,0.41,0.88,0.83,7.1,129.3,100.4
Dwight Howard,69,18.9,14.7,0.514,0.6,0.735,7.5,7.3,0.7,0.46,1.14,1.23,7.1,123.5,90
Jordan McRae,4,8.1,10.5,0.75,0.5,0.5,2.3,1.3,1,0.5,0.25,0,7.1,143.3,106.8
Gary Payton II,29,14.9,13.4,0.5,0.283,0.47,3.9,2.8,1.7,1.14,0.24,0.69,7.1,102.6,103.9
Kevin Porter Jr.,50,23.2,20.6,0.723,0.335,0.505,10,3.2,2.2,0.92,0.28,1.86,7.1,99.6,105.5
Otto Porter Jr.,14,23.6,21,0.704,0.387,0.529,11.9,3.4,1.8,1.07,0.43,0.79,7.1,112.6,105
Collin Sexton,65,33,27.2,0.846,0.38,0.517,20.8,3.2,3,1.02,0.11,2.43,7.1,108.5,112.9
Omari Spellman,49,18.1,18.7,0.793,0.391,0.503,7.6,4.4,1,0.67,0.49,1.08,7.1,106.9,109
Sindarius Thornwell,2,17.8,17,0.5,0.5,0.636,8,2,2,0.5,0.5,1,7.1,115.2,111
Kostas Antetokounmpo,5,4,10.2,0.5,0,1,1.4,0.6,0.4,0,0,0.2,7,151,104.6
Kent Bazemore,25,23.1,20.4,0.733,0.384,0.486,10.3,4.9,1.3,1.16,0.36,1.24,7,102.9,99.2
Bismack Biyombo,53,19.4,16.8,0.603,0,0.543,7.4,5.8,0.9,0.19,0.92,0.91,7,115.5,103.3
Ryan Broekhoff,17,10.6,16.2,0.875,0.392,0.542,4.2,2.5,0.6,0.29,0.24,0.35,7,113.7,104
Jae Crowder,20,27.7,15.3,0.733,0.445,0.655,11.9,5.4,1.8,1.25,0.5,0.75,7,126.7,99.8
Rui Hachimura,48,30.1,19,0.829,0.287,0.489,13.5,6.1,1.8,0.77,0.17,1.1,7,110,111.8
Alex Len,15,15,16.5,0.708,0.667,0.61,5.9,6.1,0.5,0.2,1,1.07,7,118.2,97.1
Lauri Markkanen,50,29.8,21.1,0.824,0.344,0.517,14.7,6.3,1.5,0.84,0.48,1.62,7,107.9,107.5
Jordan McRae,4,24.6,25.6,0.727,0.188,0.36,11.8,3.8,1.8,0,0,1.25,7,92.3,106.7
Nicolo Melli,60,17.4,15.7,0.74,0.335,0.528,6.6,3,1.4,0.57,0.38,0.77,7,110.6,103.5
Monte Morris,73,22.4,17.5,0.843,0.378,0.517,9,1.9,3.5,0.75,0.23,0.74,7,117.4,112.3
Mike Muscala,47,12.2,16.6,0.818,0.378,0.55,4.8,2.3,0.9,0.19,0.26,0.36,7,114,101.5
Raul Neto,54,12.4,18.6,0.83,0.386,0.534,5.1,1.1,1.8,0.44,0.11,0.87,7,108.8,106.4
Kendrick Nunn,67,29.3,24,0.85,0.35,0.514,15.3,2.7,3.3,0.84,0.22,1.7,7,103.3,106.4
Taurean Prince,64,29,20.4,0.798,0.339,0.475,12.1,6,1.8,0.89,0.39,1.98,7,93.5,102.7
Chris Boucher,62,13.2,19.8,0.784,0.322,0.535,6.6,4.5,0.4,0.37,1,0.45,6.9,123.1,92.4
Vlatko Cancar,14,3.2,18.9,1,0.167,0.433,1.2,0.7,0.2,0.07,0.07,0.21,6.9,,
DeMarre Carroll,9,17.2,14.4,0.773,0.25,0.5,6,2.7,1.6,0.67,0.33,0.78,6.9,117.2,106.2
Wendell Carter Jr.,43,29.2,16.4,0.737,0.207,0.542,11.3,9.4,1.2,0.77,0.84,1.67,6.9,114.9,99.1
Chris Clemons,33,8.8,23.6,0.909,0.346,0.532,4.9,0.9,0.8,0.24,0.15,0.58,6.9,104.4,106.5
Yogi Ferrell,50,10.6,19.2,0.857,0.304,0.484,4.4,1,1.4,0.36,0.08,0.56,6.9,107.3,109.9
Jeff Green,18,22.6,17.9,0.857,0.354,0.658,12.2,2.9,1.7,0.83,0.5,0.83,6.9,130.4,104
Solomon Hill,48,18.8,13.3,0.684,0.384,0.534,5.7,3,2,0.65,0.15,0.83,6.9,109,106.3
Aaron Holiday,66,24.5,18.7,0.851,0.394,0.491,9.5,2.3,3.4,0.85,0.24,1.32,6.9,104.3,105.8
Andre Iguodala,21,19.9,12.8,0.4,0.298,0.511,4.6,3.7,2.4,0.67,1,1.29,6.9,100.3,103.6
James Johnson,18,15.6,16.9,0.571,0.356,0.54,5.7,2.9,1.2,0.33,0.72,0.83,6.9,102.6,100
Jeremy Lamb,46,28.1,19.6,0.836,0.335,0.506,12.5,4.3,2.1,1.17,0.48,1.09,6.9,107.7,103
Nerlens Noel,61,18.5,14.9,0.755,0.333,0.686,7.4,4.9,0.9,0.97,1.49,1.08,6.9,127.4,93.7
Marvin Bagley III,13,25.7,25.8,0.806,0.182,0.479,14.2,7.5,0.8,0.46,0.92,1.38,6.8,102,101
Ky Bowman,45,22.6,17.2,0.829,0.308,0.469,7.4,2.7,2.9,1,0.22,1.56,6.8,96,107.2
Evan Fournier,66,31.4,24,0.818,0.399,0.56,18.5,2.6,3.2,1.08,0.23,1.88,6.8,112.2,106.3
Marko Guduric,44,11,17.6,0.923,0.301,0.475,3.9,1.7,1,0.27,0.18,0.82,6.8,96.3,108.4
Juancho Hernangomez,14,29.4,17,0.609,0.42,0.558,12.9,7.3,1.3,1,0.29,0.93,6.8,114.6,106
Jaren Jackson Jr.,57,28.5,24,0.747,0.394,0.565,17.4,4.6,1.4,0.68,1.61,1.74,6.8,109.3,100.2
Keldon Johnson,17,17.7,17.4,0.795,0.591,0.669,9.1,3.4,0.9,0.82,0.12,0.76,6.8,130.9,105.5
Rodions Kurucs,47,14.5,14.7,0.632,0.367,0.54,4.6,2.9,1.1,0.53,0.11,0.98,6.8,100.5,97.8
Kevon Looney,20,13.1,15.9,0.75,0.071,0.373,3.4,3.3,1,0.6,0.3,0.65,6.8,93,102.5
Trey Lyles,63,20.2,13.6,0.733,0.387,0.541,6.4,5.7,1.1,0.44,0.44,0.62,6.8,113.1,107
Cody Martin,48,18.8,13.6,0.646,0.234,0.473,5,3.3,2,0.81,0.19,0.92,6.8,104.7,105.9
P.J. Washington,58,30.3,18.6,0.652,0.374,0.528,12.2,5.4,2.1,0.9,0.78,1.6,6.8,104.9,105.9
Davis Bertans,54,29.3,19,0.852,0.424,0.598,15.4,4.5,1.7,0.69,0.61,1.09,6.7,119.8,110.7
Bojan Bogdanovic,63,33.1,25.5,0.903,0.414,0.548,20.2,4.1,2.1,0.54,0.11,2.54,6.7,110.5,108.8
Dillon Brooks,73,28.9,25.2,0.808,0.357,0.477,16.2,3.3,2.1,0.86,0.37,1.7,6.7,100.2,102.5
Jordan Clarkson,42,24.7,26.7,0.785,0.366,0.547,15.6,2.8,1.6,0.69,0.19,1.38,6.7,108.3,106.4
Tyler Cook,11,3.2,16.7,0.833,0,0.7,1.7,0.9,0.1,0.09,0,0.09,6.7,,
Taj Gibson,62,16.5,14.8,0.732,0.286,0.591,6.1,4.3,0.8,0.44,0.48,0.74,6.7,119.8,103.7
Jonathan Isaac,34,28.8,18.3,0.779,0.34,0.518,11.9,6.8,1.4,1.56,2.29,1.44,6.7,106.8,101.5
Kyle Kuzma,61,25,22.8,0.735,0.316,0.5,12.8,4.5,1.3,0.46,0.43,1.49,6.7,102.2,102.7
Juan Toscano-Anderson,13,20.9,12.7,0.6,0.348,0.524,5.3,4,2,1,0.38,1.23,6.7,98.5,104.2
Brad Wanamaker,71,19.3,15.5,0.926,0.363,0.499,6.9,2,2.5,0.85,0.21,1.07,6.7,115.2,101.9
Tremont Waters,11,10.8,24.3,1,0.167,0.327,3.6,1.1,1.5,0.91,0.18,1.36,6.7,73.4,97.6
Miles Bridges,65,30.7,20,0.809,0.33,0.489,13,5.6,1.8,0.62,0.74,1.45,6.6,103.3,109.4
DeMarre Carroll,15,9,15.3,0.6,0.231,0.362,2.2,2.1,0.7,0.13,0.13,0.67,6.6,88.2,101.1
Quinn Cook,44,11.5,21.1,0.786,0.365,0.495,5.1,1.2,1.1,0.27,0.05,0.75,6.6,98.4,107.3
Joe Harris,69,30.8,18.3,0.719,0.424,0.596,14.5,4.3,2.1,0.59,0.25,1.52,6.6,113.1,106.4
Jaylen Hoard,13,7.9,17.2,0.615,0,0.469,2.9,2.5,0.3,0.38,0,0.31,6.6,112,104.1
Richaun Holmes,44,28.2,15.7,0.788,0,0.646,12.3,8.1,1,0.93,1.27,1.18,6.6,130.6,99.6
TJ Leaf,28,7.9,20,0.438,0.278,0.448,3,2.5,0.3,0.36,0.14,0.29,6.6,97.9,98.3
E'Twaun Moore,56,18.2,19.9,0.689,0.377,0.498,8.3,2.3,1.4,0.57,0.2,0.71,6.6,103.7,108.9
Marcus Morris Sr.,43,32.3,24.4,0.823,0.439,0.533,19.6,5.4,1.4,0.77,0.4,1.7,6.6,113.4,107.5
Frank Ntilikina,57,20.8,15.4,0.864,0.321,0.459,6.3,2.1,3,0.95,0.28,1.25,6.6,102.6,104.4
Kelly Oubre Jr.,56,34.5,22.4,0.78,0.352,0.517,18.7,6.5,1.5,1.25,0.71,1.48,6.6,108.8,103.5
Norman Powell,52,28.4,21.4,0.843,0.399,0.588,16,3.6,1.8,1.15,0.4,1.5,6.6,115.4,102.2
Jerome Robinson,21,24,17.7,0.763,0.349,0.483,9.4,3.3,2,0.71,0.43,1.1,6.6,102.4,107.9
Marial Shayok,4,7,25.9,0.75,0.333,0.333,2.8,1.8,0.3,0,0.25,0.75,6.6,75,97.8
Edmond Sumner,31,14.4,17.3,0.552,0.264,0.479,4.9,1.5,1.8,0.48,0.29,0.68,6.6,101,103.3
Bruno Caboclo,22,8.7,16.8,0.667,0.16,0.435,2.8,2,0.5,0.45,0.55,0.32,6.5,96.6,100.6
Matthew Dellavedova,57,14.4,13,0.865,0.231,0.414,3.1,1.3,3.2,0.37,0.04,1.04,6.5,103.2,110
Louis King,10,6.2,17.1,0,0.364,0.476,2,1,0.5,0.2,0,0.2,6.5,93.4,98.5
Brook Lopez,68,26.7,18.3,0.836,0.314,0.511,12,4.6,1.5,0.68,2.4,1.03,6.5,108.9,97.6
Thon Maker,60,12.9,16.1,0.664,0.344,0.539,4.7,2.8,0.7,0.42,0.65,0.75,6.5,111.3,101.6
Jaylen Nowell,15,10.1,17.3,0.941,0.115,0.387,3.8,0.9,1.3,0.2,0,0.2,6.5,109.7,111.6
Dwight Powell,40,26.5,12.7,0.667,0.256,0.659,9.4,5.7,1.5,0.88,0.53,0.93,6.5,132.3,104.1
Josh Richardson,55,30.8,20.6,0.809,0.341,0.496,13.7,3.2,2.9,0.95,0.65,1.89,6.5,103.8,106
Justin Robinson,9,5.4,12.8,0,0.6,0.542,1.4,0.6,0.8,0,0.11,0.33,6.5,104.9,118.5
Carmelo Anthony,58,32.8,21.2,0.845,0.385,0.485,15.4,6.3,1.5,0.84,0.47,1.72,6.4,103.2,109
Chandler Hutchison,28,18.8,19.1,0.59,0.316,0.491,7.8,3.9,0.9,0.96,0.25,0.96,6.4,101.2,103.3
Cory Joseph,72,24.4,12.9,0.857,0.352,0.483,6.4,2.6,3.5,0.74,0.29,1.11,6.4,110.1,109.6
Mfiondu Kabengele,12,5.4,23.5,1,0.45,0.578,3.5,0.9,0.2,0.17,0.17,0.17,6.4,118.7,96
Meyers Leonard,51,20.3,12.1,0.643,0.414,0.622,6.1,5.1,1.1,0.27,0.29,0.76,6.4,114,100.7
JaVale McGee,68,16.6,14.8,0.646,0.5,0.642,6.6,5.8,0.5,0.53,1.37,0.81,6.4,123,93.2
JJ Redick,60,26.4,20.4,0.892,0.453,0.596,15.3,2.5,2,0.33,0.18,1.25,6.4,121.9,112.1
Garrett Temple,62,27.9,16.6,0.805,0.329,0.486,10.3,3.5,2.5,0.79,0.47,1,6.4,105.8,107.2
Dion Waiters,7,23.6,23.7,0.875,0.233,0.473,11.9,1.9,2.4,0.57,0.57,1.86,6.4,99.3,102.9
Nigel Williams-Goss,10,5,17.4,1,0.286,0.375,1.4,0.6,0.6,0.3,0.1,0.3,6.4,92.2,99.3
Grayson Allen,38,18.9,17.6,0.867,0.404,0.58,8.7,2.2,1.4,0.32,0.05,0.87,6.3,113.6,108.9
Justin Anderson,10,10.7,17.1,0.5,0.207,0.342,2.8,2.1,0.8,0,0.6,0.4,6.3,77.7,100.4
Nicolas Batum,22,23,9.4,0.9,0.286,0.432,3.6,4.5,3,0.77,0.36,1,6.3,106,106.6
DeAndre' Bembry,43,21.3,14,0.542,0.231,0.489,5.8,3.5,1.9,1.28,0.44,1.4,6.3,94.9,108.2
Robert Covington,22,33,15.4,0.8,0.315,0.509,11.6,8,1.5,1.5,2.23,1.36,6.3,104.4,101.2
Jarrett Culver,63,23.9,19.2,0.462,0.299,0.462,9.2,3.4,1.7,0.89,0.62,1.3,6.3,94.5,108.7
Tim Hardaway Jr.,71,29.5,21.1,0.819,0.398,0.55,15.8,3.3,1.9,0.61,0.07,0.97,6.3,115.4,110
Justin James,35,6.6,18.7,0.476,0.31,0.47,2.5,0.9,0.5,0.17,0.26,0.2,6.3,100.6,109.3
Michael Kidd-Gilchrist,12,13.3,17.6,0.778,0.294,0.387,4,2.9,0.8,0,0.25,0.58,6.3,91.5,104.6
Patrick Patterson,59,13.2,14.7,0.814,0.39,0.552,4.9,2.6,0.7,0.12,0.05,0.36,6.3,118.9,104.9
Jordan Poole,57,22.3,21,0.798,0.279,0.406,8.8,2.1,2.4,0.6,0.18,1.26,6.3,91.8,111.4
Ante Zizic,22,10,17.5,0.737,0,0.569,4.4,3,0.3,0.32,0.23,0.45,6.3,115,102.9
Harrison Barnes,72,34.5,17.4,0.801,0.381,0.525,14.5,4.9,2.2,0.6,0.17,1.22,6.2,115.7,114
Goga Bitadze,54,8.7,17.8,0.727,0.19,0.493,3.2,1.9,0.4,0.19,0.69,0.5,6.2,99.1,96.6
Moses Brown,9,3.7,21.3,0.375,0,0.4,1.2,1.6,0.1,0.11,0.11,0.33,6.2,,
Gary Clark,18,11.8,12.5,0.857,0.353,0.542,3.9,2.2,0.7,0.11,0.39,0.11,6.2,125.4,105.1
Seth Curry,64,24.6,18.4,0.825,0.452,0.621,12.4,2.3,1.9,0.59,0.14,0.97,6.2,122.9,109.2
Dewayne Dedmon,10,23.3,17.4,0.875,0.222,0.44,8.1,8.2,0.7,1,1.5,1,6.2,93.8,95.8
James Ennis III,49,15.8,15.7,0.787,0.349,0.524,5.8,3.1,0.8,0.45,0.31,0.61,6.2,113.7,101.7
Dante Exum,24,16.8,14.4,0.732,0.351,0.547,5.6,2.3,1.4,0.46,0.25,0.88,6.2,112.6,110.9
JaMychal Green,63,20.7,13.7,0.75,0.387,0.56,6.8,6.2,0.8,0.46,0.38,0.86,6.2,111.6,94.9
Kyle Korver,58,16.6,15.5,0.854,0.418,0.599,6.7,2.1,1.2,0.43,0.21,0.84,6.2,112.2,99.2
Josh Okogie,62,25,15.1,0.796,0.266,0.479,8.6,4.3,1.6,1.1,0.42,1.39,6.2,108.5,107.1
Cedi Osman,65,29.4,16.6,0.67,0.383,0.538,11,3.6,2.4,0.83,0.25,1.4,6.2,107.7,110.3
Myles Turner,62,29.4,17.9,0.751,0.344,0.53,12.1,6.6,1.2,0.74,2.13,1.37,6.2,107.7,101.5
Lonnie Walker IV,61,16.2,18.8,0.726,0.406,0.482,6.4,2.3,1.1,0.52,0.23,0.74,6.2,99.3,108.9
Johnathan Williams,15,12,10.3,0.538,0,0.559,3,4.3,0.5,0.07,0.53,0.33,6.2,125.3,109.1
Ryan Arcidiacono,58,16,12.5,0.711,0.391,0.532,4.5,1.9,1.7,0.47,0.05,0.64,6.1,111.4,105.3
Dwayne Bacon,39,17.6,19.5,0.66,0.284,0.387,5.7,2.6,1.3,0.59,0.05,0.95,6.1,86.5,107.9
Zach Collins,11,26.4,12.5,0.75,0.368,0.522,7,6.3,1.5,0.45,0.45,1.27,6.1,109.8,105.8
Robert Covington,48,29.4,17.8,0.798,0.346,0.544,12.8,6,1.2,1.67,0.94,1.52,6.1,105.9,103.2
Henry Ellenson,5,3,19.4,0,0,0.143,0.4,1.2,0.2,0,0,0,6.1,,
Javonte Green,48,9.7,15.3,0.667,0.273,0.536,3.4,1.9,0.5,0.5,0.17,0.48,6.1,109.6,100.2
Kyle Guy,3,3.2,22.6,0,0,0.4,1.3,0.3,0.3,0,0,0,6.1,,
Frank Jackson,59,13.5,21.2,0.747,0.326,0.476,6.3,1.4,1,0.29,0.07,0.83,6.1,99.6,108.1
Maxi Kleber,74,25.5,13.9,0.849,0.373,0.577,9.1,5.3,1.2,0.34,1.14,0.78,6.1,121.8,105.5
Brandon Knight,16,15.1,19.1,0.308,0.297,0.436,4.9,1.3,1.9,0.31,0.13,1,6.1,89.7,111.6
Doug McDermott,69,19.9,19.6,0.828,0.435,0.605,10.3,2.5,1.1,0.17,0.09,0.61,6.1,117.3,105.3
Markieff Morris,14,14.2,16.6,0.833,0.325,0.493,5.3,3.2,0.6,0.36,0.43,0.43,6.1,108.5,95.6
Royce O'Neale,71,28.9,9.6,0.764,0.377,0.559,6.3,5.5,2.5,0.83,0.45,0.86,6.1,116.5,101.1
Anzejs Pasecniks,26,16.8,15.8,0.586,0,0.526,6,4.1,0.7,0.35,0.46,0.92,6.1,108.4,101.5
Josh Reaves,4,7.1,14.9,1,0,0.333,2,0.8,0.8,0,0,0,6.1,106.5,99.6
Andre Roberson,7,12.4,16.1,0.5,0.214,0.328,2.9,3.9,0.6,0.14,0.43,0.29,6.1,84.1,94.7
T.J. Warren,67,32.9,23.4,0.819,0.403,0.581,19.8,4.2,1.5,1.16,0.51,1.28,6.1,115.9,104.1
OG Anunoby,69,29.9,14.3,0.706,0.39,0.584,10.6,5.3,1.6,1.41,0.65,1.14,6,114.1,100
Marco Belinelli,57,15.5,17.5,0.828,0.376,0.498,6.3,1.7,1.2,0.21,0.02,0.33,6,109.6,113.5
Alex Caruso,64,18.4,13.8,0.734,0.333,0.481,5.5,1.9,2,1.09,0.28,0.83,6,107,101.6
Amir Coffey,18,8.8,17.6,0.545,0.316,0.481,3.2,0.9,0.8,0.28,0.11,0.44,6,99.3,99.8
Dante Exum,11,7.6,17.8,1,0.333,0.478,2.2,1.1,0.6,0.09,0.18,0.91,6,83,104.2
Devon Hall,11,7.3,21,0.5,0.235,0.267,1.8,0.6,1.2,0.36,0.09,0.45,6,74.2,105.2
Mario Hezonja,53,16.4,13.9,0.814,0.308,0.477,4.8,3.5,0.9,0.68,0.17,0.79,6,103.3,103.8
Tyler Johnson,31,16.6,17.3,0.75,0.289,0.45,5.7,1.7,1.6,0.39,0.26,0.77,6,98,107.8
Luke Kornet,36,15.5,16.3,0.714,0.287,0.521,6,2.3,0.9,0.31,0.72,0.39,6,111.8,106
Kelan Martin,31,16,17.9,0.968,0.26,0.461,6.4,3.1,0.7,0.23,0.29,0.65,6,100.7,106.1
Glenn Robinson III,48,31.6,16.6,0.851,0.4,0.549,12.9,4.7,1.8,0.94,0.29,1.06,6,112.4,112.8
Yuta Watanabe,18,5.8,15.7,0.375,0.375,0.485,2,1.1,0.3,0.22,0.06,0.11,6,104.4,105.8
Jevon Carter,58,16.3,12.9,0.852,0.425,0.543,4.9,2,1.4,0.78,0.29,0.53,5.9,113.7,105.1
Dorian Finney-Smith,71,29.9,12.9,0.722,0.376,0.575,9.5,5.7,1.6,0.63,0.55,0.97,5.9,121.1,106.7
Cameron Johnson,57,22,15.7,0.807,0.39,0.565,8.8,3.3,1.2,0.61,0.35,0.56,5.9,116.7,108.2
Zach Norvell Jr.,3,12,17.1,1,0.375,0.409,3.3,1.7,1,0.67,0,1,5.9,78.3,104.2
Mitchell Robinson,61,23.2,13.3,0.568,0,0.742,9.7,7,0.6,0.85,1.95,0.61,5.9,141.7,100.3
Mike Scott,68,17.8,14,0.811,0.369,0.54,6,3.7,0.8,0.32,0.07,0.38,5.9,116.2,105.2
Keita Bates-Diop,37,17.5,15.8,0.708,0.33,0.498,6.8,3,0.8,0.46,0.54,0.38,5.8,111.6,111.1
Malik Beasley,41,18.2,20.6,0.868,0.36,0.485,7.9,1.9,1.2,0.76,0.15,0.88,5.8,99.7,108.6
Isaac Bonga,66,18.9,10.9,0.812,0.352,0.558,5,3.4,1.2,0.68,0.33,0.86,5.8,115.8,106.3
Mikal Bridges,73,28,12.7,0.844,0.361,0.583,9.1,4,1.8,1.44,0.63,1,5.8,118.6,105.6
Oshae Brissett,19,7.1,15,0.8,0.2,0.403,1.9,1.4,0.4,0.21,0.05,0.37,5.8,95.7,95.8
Carsen Edwards,37,9.5,18.4,0.684,0.316,0.422,3.3,1.3,0.6,0.32,0.11,0.41,5.8,92.3,101.6
James Ennis III,20,24.5,15.6,0.838,0.286,0.519,8.5,4.8,1.1,0.6,0.4,1.35,5.8,105.2,101.9
Darius Garland,59,30.9,20.6,0.875,0.355,0.476,12.3,1.9,3.9,0.69,0.07,2.54,5.8,96.3,115.7
Treveon Graham,22,12.1,13.3,0.474,0.351,0.47,3.3,2.3,0.7,0.32,0.18,0.45,5.8,103.2,106.2
De'Andre Hunter,63,32,17.5,0.764,0.355,0.489,12.3,4.5,1.8,0.7,0.29,1.63,5.8,99.6,110.9
Amile Jefferson,18,4.1,13.4,0.357,0,0.357,0.8,1.3,0.2,0.06,0.17,0.17,5.8,93.9,103.2
Damian Jones,55,16.1,11.4,0.738,0.222,0.685,5.6,3.7,0.6,0.47,0.73,0.51,5.8,137,101.2
Robin Lopez,66,14.5,16.6,0.528,0.333,0.55,5.4,2.4,0.7,0.15,0.68,0.95,5.8,100.9,98.3
Caleb Martin,18,17.6,15,0.81,0.541,0.56,6.2,2.1,1.3,0.67,0.39,0.83,5.8,113.2,105.9
Jalen McDaniels,16,18.3,13.4,0.824,0.375,0.536,5.6,4.1,0.8,0.5,0.19,0.75,5.8,110.9,101.7
Cam Reddish,58,26.7,18.9,0.802,0.332,0.459,10.5,3.7,1.5,1.07,0.48,1.64,5.8,95,110.5
Austin Rivers,68,23.4,15.6,0.703,0.356,0.517,8.8,2.6,1.7,0.72,0.16,0.74,5.8,110.2,107.2
Jerome Robinson,42,11.3,15,0.579,0.284,0.408,2.9,1.4,1.1,0.31,0.19,0.62,5.8,87.1,99.9
Matt Thomas,41,10.7,16.6,0.75,0.475,0.643,4.9,1.5,0.5,0.24,0.02,0.39,5.8,118.6,101.6
Trevor Ariza,32,24.7,11.2,0.778,0.352,0.518,6,4.6,1.6,1.09,0.25,0.88,5.7,107.5,106.2
Trevor Ariza,21,33.4,12.6,0.872,0.4,0.597,11,4.8,2,1.62,0.38,1.33,5.7,120.9,111.1
Khem Birch,48,19.2,10.2,0.653,0,0.51,4.4,4.6,1,0.42,0.48,0.65,5.7,120.6,103.1
Wilson Chandler,35,21,12.9,0.87,0.306,0.505,5.9,4.2,1.1,0.46,0.34,0.97,5.7,99,100.7
Damyean Dotson,48,17.4,16.5,0.667,0.362,0.516,6.7,1.9,1.2,0.48,0.08,0.44,5.7,109.6,112.8
Wayne Ellington,36,15.5,15,0.846,0.35,0.494,5.1,1.8,1.2,0.36,0.11,0.5,5.7,105.6,110.3
Maurice Harkless,12,23.8,12.4,0.625,0.28,0.508,6.8,3.3,1.7,0.75,0.25,0.58,5.7,113.5,107
Wes Iwundu,52,18.3,13.7,0.804,0.341,0.478,5.8,2.5,1.2,0.48,0.25,0.52,5.7,112.4,105.1
Derrick Jones Jr.,59,23.3,13.9,0.772,0.28,0.58,8.5,3.9,1.1,1,0.63,0.51,5.7,125.8,102.5
Patty Mills,66,22.5,20.4,0.866,0.382,0.56,11.6,1.6,1.8,0.8,0.09,0.82,5.7,115.3,111.1
Georges Niang,66,14,17.2,0.833,0.4,0.578,5.9,1.9,0.7,0.27,0.08,0.45,5.7,113,105.1
Anfernee Simons,70,20.7,18.7,0.826,0.332,0.468,8.3,2.2,1.4,0.37,0.14,0.87,5.7,101.6,111.2
Marvin Williams,17,18.9,8.7,0.857,0.308,0.544,4,4.4,1.1,0.59,0.47,0.47,5.7,118.3,95.2
Al-Farouq Aminu,18,21.1,13.2,0.655,0.25,0.343,4.3,4.9,1.2,1,0.44,0.94,5.6,88.2,103.7
Vince Carter,60,14.6,16.6,0.793,0.302,0.452,5,2.1,0.8,0.38,0.42,0.55,5.6,94.6,109.2
Hamidou Diallo,46,19.5,18.4,0.603,0.281,0.473,6.9,3.6,0.8,0.8,0.2,1.11,5.6,94.3,99.5
Jerami Grant,71,26.6,18,0.747,0.389,0.556,12,3.5,1.2,0.7,0.8,0.89,5.6,116.2,107.6
Jerian Grant,6,13.4,17.1,0.714,0.25,0.407,4.5,1,1.5,0.17,0.17,0.5,5.6,98.7,108.4
Udonis Haslem,4,11,13.7,0.75,0.333,0.409,3,4,0.3,0,0,0.25,5.6,96.9,94.9
Juancho Hernangomez,34,12.4,14.3,0.64,0.25,0.414,3.1,2.8,0.6,0.15,0.15,0.53,5.6,94.4,108
Talen Horton-Tucker,6,13.5,19.6,0.5,0.308,0.533,5.7,1.2,1,1.33,0.17,1,5.6,97.1,95.7
Kevin Knox II,65,17.9,17.9,0.653,0.327,0.44,6.4,2.8,0.9,0.35,0.43,0.69,5.6,97.3,107.9
Juwan Morgan,21,6.4,11,0.75,0.375,0.635,1.7,1.4,0.3,0.05,0.1,0.29,5.6,121,98.8
Svi Mykhailiuk,56,22.6,17.1,0.814,0.404,0.552,9,1.9,1.9,0.73,0.07,1.09,5.6,110.3,110.6
Terrence Ross,69,27.4,22.8,0.853,0.351,0.508,14.7,3.2,1.2,1.12,0.35,1.01,5.6,106.4,107.1
JaKarr Sampson,34,13.8,13.2,0.667,0.154,0.6,4.6,2.6,0.6,0.47,0.35,0.44,5.6,117.6,96.9
Tyrone Wallace,14,11.5,15.9,0.647,0.067,0.33,2.9,1.6,0.9,0.5,0.07,0.71,5.6,80,106.6
Kent Bazemore,43,25.8,15.9,0.806,0.327,0.433,7.9,4,1.4,1.05,0.72,1.4,5.5,91.9,106.4
Jordan Bone,10,5.3,18.1,0,0.2,0.3,1.2,0.4,0.8,0.1,0,0.2,5.5,76.4,106.4
Zylan Cheatham,4,12.8,10.4,0,0,0.667,3,2.3,0.8,0.25,0.25,1,5.5,101.8,96.7
Wenyen Gabriel,11,5.6,18.7,0.6,0.125,0.382,1.7,0.9,0.3,0.27,0.18,0.45,5.5,86.8,103.5
Justin Jackson,65,16.1,15.4,0.84,0.294,0.466,5.5,2.4,0.8,0.23,0.15,0.22,5.5,107.9,109.1
Glenn Robinson III,14,19.3,15.2,0.917,0.333,0.571,7.7,3.1,0.8,0.71,0.14,0.36,5.5,123.1,106.4
Thabo Sefolosha,41,10.6,10.4,0.375,0.278,0.489,2.2,2.3,0.6,0.59,0.29,0.37,5.5,102.7,101.9
Grant Williams,69,15.1,11.6,0.722,0.25,0.469,3.4,2.6,1,0.43,0.52,0.72,5.5,102.9,95.4
Kenrich Williams,39,21.3,8.9,0.346,0.258,0.432,3.5,4.8,1.5,0.69,0.54,0.56,5.5,102.2,104.2
Darius Bazley,61,18.5,15.2,0.694,0.348,0.472,5.6,4,0.7,0.38,0.67,0.74,5.4,96.2,105.9
Dewayne Dedmon,34,15.9,18.5,0.821,0.197,0.444,5.1,4.9,0.4,0.44,0.76,1.38,5.4,88.4,94.9
Bryn Forbes,63,25.1,18.5,0.833,0.388,0.544,11.2,2,1.7,0.52,0,0.9,5.4,109.5,111.6
Donta Hall,5,17.1,12.9,0.417,0,0.778,6.6,4.6,0.4,0.4,1,0.6,5.4,130.4,94.7
Furkan Korkmaz,72,21.7,18.4,0.755,0.402,0.556,9.8,2.3,1.1,0.57,0.22,0.82,5.4,110.3,107.8
Nassir Little,48,11.9,13.7,0.636,0.237,0.477,3.6,2.3,0.5,0.27,0.31,0.31,5.4,108,105.8
Marcus Morris Sr.,19,28.9,15.8,0.818,0.31,0.5,10.1,4.1,1.4,0.68,0.68,1.26,5.4,100.8,102.1
Anthony Tolliver,33,16.8,11.2,0.684,0.337,0.496,3.9,3.3,0.9,0.24,0.27,0.64,5.4,105.7,109
Dean Wade,12,6,9.8,0,0.5,0.769,1.7,1.6,0.2,0.17,0.33,0.25,5.4,121.8,104
Corey Brewer,5,6.5,9.7,0.333,0,0.5,1,1.6,0.4,0.8,0,0.4,5.3,90.7,84.8
Charles Brown Jr.,10,4.1,24.8,1,0.333,0.395,2,0.4,0.2,0.2,0.2,0.3,5.3,93.3,113
Cristiano Felicio,22,17.5,9.1,0.783,0,0.63,3.9,4.6,0.7,0.45,0.09,0.82,5.3,128.5,106.4
Jeff Green,30,18.4,19.7,0.778,0.327,0.472,7.8,2.7,0.7,0.4,0.33,0.9,5.3,101.4,104.7
Justin Holiday,73,25,13.4,0.791,0.405,0.567,8.3,3.3,1.3,1.19,0.63,0.59,5.3,113.8,103.9
BJ Johnson,10,8.3,22.2,0.9,0.333,0.328,3,1.5,0.3,0.3,0,0.6,5.3,81.3,108.8
Vic Law,8,7.7,15.8,0.333,0.143,0.361,1.9,1.4,0.4,0.25,0,0.25,5.3,79.1,102.5
Norvel Pelle,24,9.7,13.4,0.5,0,0.521,2.4,3,0.3,0.13,1.25,0.75,5.3,93.2,86.1
Duncan Robinson,73,29.7,16,0.931,0.446,0.667,13.5,3.2,1.4,0.48,0.26,0.95,5.3,122.2,105.3
Marvin Williams,41,19.7,14,0.86,0.376,0.552,6.7,2.7,1,0.61,0.56,0.61,5.3,115.6,106.9
Ignas Brazdeikis,9,5.9,20.9,0.8,0.111,0.295,1.9,0.6,0.4,0,0.11,0.22,5.2,82.3,115.2
Deonte Burton,39,9.1,18.5,0.571,0.189,0.384,2.7,1.5,0.4,0.15,0.26,0.49,5.2,78.1,102.6
Torrey Craig,58,18.5,12.6,0.611,0.326,0.545,5.4,3.3,0.8,0.4,0.62,0.43,5.2,115,102.3
Ed Davis,28,10.8,9.4,0.5,0,0.478,1.8,3.8,0.4,0.39,0.32,0.46,5.2,109,88.2
Jacob Evans,27,15.3,17.6,0.862,0.342,0.387,4.7,1.5,1.1,0.41,0.44,0.93,5.2,86.8,108.9
Daniel Gafford,43,14.2,13.3,0.533,0,0.701,5.1,2.5,0.5,0.3,1.3,0.67,5.2,123.7,99.2
Danny Green,68,24.8,13.9,0.688,0.367,0.542,8,3.3,1.3,1.24,0.46,0.93,5.2,107.8,102.1
Rodney Hood,21,29.5,13.9,0.778,0.493,0.608,11,3.4,1.5,0.81,0.19,0.9,5.2,120.7,112.4
CJ Miles,10,16.1,18.6,0.75,0.314,0.415,6.4,1.2,1.2,1,0.4,0.4,5.2,102.9,110.8
Jared Dudley,45,8.1,8,1,0.429,0.55,1.5,1.2,0.6,0.33,0.07,0.18,5.1,116.8,98.6
Wenyen Gabriel,19,9.1,11.5,0.75,0.417,0.565,2.3,2.2,0.3,0.42,0.26,0.58,5.1,111,97.6
Danuel House Jr.,63,30.4,13.7,0.811,0.363,0.546,10.5,4.2,1.3,1.06,0.54,0.86,5.1,114.1,107.6
DaQuan Jeffries,13,10.9,13.7,0.833,0.278,0.563,3.8,1.4,0.5,0.31,0.08,0.15,5.1,120.8,102.4
Timothe Luwawu-Cabarrot,47,18.1,16.8,0.852,0.388,0.55,7.8,2.7,0.6,0.38,0.13,0.79,5.1,113.4,100.9
Garrison Mathews,18,12.6,14.4,0.912,0.413,0.598,5.4,1.3,0.6,0.44,0.06,0.44,5.1,132.2,105.9
Abdel Nader,55,15.8,17,0.773,0.375,0.559,6.3,1.8,0.7,0.42,0.36,0.78,5.1,107.4,103.8
Lance Thomas,7,14,13.2,1,0.308,0.435,3.4,1.9,0.9,0,0,0.86,5.1,90.4,103.5
Jarred Vanderbilt,9,4.6,14.7,0,0,0.714,1.1,0.9,0.2,0.33,0.11,0.78,5.1,76.3,96.9
Reggie Bullock,29,23.6,15.6,0.81,0.333,0.484,8.1,2.3,1.4,0.86,0.1,0.66,5,104.8,109.3
Langston Galloway,66,25.8,15.9,0.857,0.399,0.557,10.2,2.2,1.5,0.73,0.15,0.61,5,117.7,112.3
Eric Gordon,36,28.2,22.5,0.766,0.317,0.473,14.4,2,1.5,0.64,0.33,1.19,5,101,109.7
Gary Harris,56,31.8,15.1,0.815,0.333,0.487,10.4,2.9,2.1,1.36,0.25,1.07,5,104.8,109.2
David Nwaba,20,13.4,14.2,0.667,0.429,0.606,5.2,2.3,0.4,0.55,0.6,0.4,5,119.6,99.5
KZ Okpala,5,5.2,11.6,0.5,0,0.6,1.4,1,0.2,0.4,0.2,0.2,5,110,101.3
Avery Bradley,49,24.2,15.7,0.833,0.364,0.526,8.6,2.3,1.3,0.88,0.1,0.96,4.9,103.2,102.3
Kentavious Caldwell-Pope,69,25.5,14.7,0.775,0.385,0.558,9.3,2.1,1.6,0.84,0.2,0.9,4.9,114.4,105.2
Allen Crabbe,28,18.6,12.8,0.75,0.323,0.469,5.1,2.3,1,0.54,0.14,0.43,4.9,100.3,113.2
Treveon Graham,33,20.1,13.1,0.73,0.241,0.409,5.2,3.1,0.9,0.52,0.06,0.58,4.9,96.6,107.4
Maurice Harkless,50,22.8,10.3,0.571,0.37,0.578,5.5,4,1,0.96,0.6,0.92,4.9,108.8,99.6
Wesley Matthews,67,24.4,12.5,0.765,0.364,0.524,7.4,2.5,1.4,0.55,0.13,0.64,4.9,108.5,101.9
Miye Oni,10,10.9,15.3,0.8,0.368,0.484,3.5,1.7,0.4,0.4,0.2,0.4,4.9,103.6,104.1
Chandler Parsons,5,10.8,16.1,0,0.286,0.389,2.8,1.4,0.6,0.8,0.2,0.6,4.9,77.1,111.9
P.J. Tucker,72,34.3,8.7,0.813,0.358,0.541,6.9,6.6,1.6,1.08,0.53,1,4.9,113.5,104.3
Quinndary Weatherspoon,11,7.1,12.7,0.5,0.2,0.324,1.1,0.6,1,0.27,0.09,0.45,4.9,77.1,106.9
Rayjon Tucker,19,8.5,16.5,0.826,0.176,0.5,3.3,1.1,0.3,0.05,0.05,0.42,4.8,109,108.4
Derrick Walton Jr.,23,9.6,8.3,0.778,0.429,0.597,2.2,0.7,1,0.17,0,0.17,4.8,132.3,105.3
Donta Hall,4,12,7.9,0.667,0,0.25,1.5,3.8,0.5,0.25,0.25,0.5,4.7,109.9,95
Rodney McGruder,56,15.6,10.6,0.559,0.27,0.464,3.3,2.7,0.7,0.46,0.14,0.43,4.7,99.8,102.3
Alfonzo McKinnie,40,14.8,15.2,0.71,0.215,0.468,4.6,2.8,0.4,0.58,0.2,0.65,4.7,98.5,104.8
Malcolm Miller,28,5.8,9.6,0.375,0.364,0.552,1.3,0.6,0.4,0.18,0.07,0.14,4.7,108.3,99.3
Mychal Mulder,7,29.1,16.2,0.75,0.308,0.507,11,3.3,1.1,0.29,0.14,0.71,4.7,104.9,109.5
Landry Shamet,53,27.4,13.4,0.855,0.375,0.546,9.3,1.9,1.9,0.38,0.19,0.79,4.7,115.1,104.1
Anthony Tolliver,13,18.2,10.7,0.875,0.415,0.573,4.8,2.5,0.8,0.54,0.08,0.69,4.7,109.4,109.4
Solomon Hill,11,17,14.8,0.875,0.292,0.389,4.5,1.9,0.9,1.09,0.45,1,4.6,90.8,105.4
Jake Layman,23,22,17.7,0.75,0.333,0.52,9.1,2.5,0.7,0.74,0.39,1.04,4.6,102.2,108.3
Patrick McCaw,37,24.5,9.4,0.722,0.324,0.485,4.6,2.3,2.1,1.05,0.11,0.78,4.6,105.1,104
Ben McLemore,71,22.8,16,0.746,0.4,0.61,10.1,2.2,0.8,0.65,0.23,0.7,4.6,117.3,106
Admiral Schofield,33,11.2,11.8,0.667,0.317,0.489,3,1.4,0.5,0.24,0.12,0.21,4.6,104.5,106.4
Iman Shumpert,13,18.5,13.4,0.571,0.242,0.391,4.2,2.6,0.9,0.92,0.15,0.77,4.6,84.9,103.4
Tony Snell,59,27.8,11.4,1,0.402,0.579,8,1.9,2.2,0.54,0.25,0.53,4.6,121.8,112.4
Gary Trent Jr.,61,21.8,15.3,0.822,0.418,0.571,8.9,1.6,1,0.79,0.26,0.34,4.4,120.7,114
Gabe Vincent,9,9.2,20.2,0,0.222,0.297,2.4,0.6,0.7,0.56,0,0.11,4.4,69.6,105.4
Sekou Doumbouya,38,19.8,16.9,0.674,0.286,0.449,6.4,3.1,0.5,0.53,0.21,0.92,4.3,90.7,105.2
Jalen Lecque,5,6.3,17.3,1,0,0.4,2,0.4,0.4,0,0,0.4,4.3,85.5,108.5
Matt Mooney,4,4.7,9.1,0,0,0.25,0.5,0.8,0.3,0.5,0.25,0,4.2,69.4,107.1
Semi Ojeleye,69,14.6,9.7,0.875,0.378,0.531,3.4,2.1,0.5,0.3,0.07,0.28,4.2,115.8,104.4
Matisse Thybulle,65,19.8,11.2,0.61,0.357,0.528,4.7,1.6,1.2,1.43,0.72,0.78,4.2,104.7,100.7
Tyson Chandler,26,8.4,6,0.462,0,0.778,1.3,2.5,0.2,0.23,0.31,0.31,4.1,134.4,97.9
Troy Daniels,6,12.7,17.7,0,0.3,0.464,4.3,1,0.5,0.5,0,0.5,4.1,88.6,106.3
Luguentz Dort,36,22.8,14.2,0.792,0.297,0.461,6.8,2.3,0.8,0.89,0.11,0.61,4.1,102.4,100.9
Troy Daniels,41,11.1,16.1,0.625,0.357,0.519,4.2,1.1,0.3,0.2,0.07,0.22,4,107.6,106.5
Courtney Lee,24,14.4,11.9,0.857,0.447,0.616,4.5,1.3,0.5,0.75,0.25,0.46,4,115.9,105
Adam Mokoka,11,10.2,12.1,0.5,0.4,0.536,2.9,0.9,0.4,0.36,0,0.18,4,114.6,101.4
Zhaire Smith,7,4.6,19.7,0.5,0,0.273,1.1,0.3,0.3,0.43,0,0.29,4,64.7,97.5
Michael Kidd-Gilchrist,13,9.3,8.5,0.8,0,0.308,0.9,2.5,0.3,0.15,0.23,0.69,3.8,70.1,96.5
Romeo Langford,32,11.6,11.8,0.72,0.185,0.381,2.5,1.3,0.4,0.22,0.25,0.34,3.8,94.5,104.8
Antonius Cleveland,11,4.2,17,0.6,0,0.286,1,0.6,0.1,0.09,0.27,0.18,3.7,74.1,97.2
Allen Crabbe,9,14.6,12.5,0.5,0.231,0.412,3.2,1.3,0.6,0,0,0.56,3.7,81.1,111.2
Chasson Randle,3,13.5,7,0.833,0,0,1.7,0.7,1.7,0.67,0,0,3.7,113.2,111
Melvin Frazier Jr.,19,6.6,14,0.5,0.5,0.559,2.1,0.5,0.2,0.47,0.11,0.26,3.6,99.8,103.1
Derrick Walton Jr.,3,8.8,6.6,0,0.333,0.5,1,0.3,1.7,1,0,0.33,3.6,117.5,105.8
Gary Clark,24,14.8,10.1,1,0.35,0.561,3.6,2.9,0.2,0.17,0.63,0.33,3.5,115.4,107.2
Josh Gray,2,11.4,12.6,0,0,0.5,1,1,1,0,0,2.5,3.5,47,115.8
JR Smith,6,13.2,14.4,1,0.091,0.341,2.8,0.8,0.5,0.17,0,0.67,3.1,71.7,107.3
Anthony Tolliver,9,9.1,11.6,0.5,0.133,0.235,1,1.2,0.3,0.44,0.11,0.44,3.1,57,107.8
Terrance Ferguson,56,22.5,9.1,0.75,0.292,0.466,3.9,1.3,0.9,0.46,0.3,0.55,2.9,97.1,102.3
Michael Frazier,13,11.1,11.5,0.643,0.174,0.31,2.1,0.8,0.2,0.15,0,0.38,2.5,75.4,101.7
Khyri Thomas,8,7.7,15.5,0.5,0.357,0.441,2.1,0.1,0.4,0.38,0,0.38,2.3,88,103
Kyle Alexander,2,6.7,9.9,0,0,0.5,1,1.5,0,0,0,0.5,0,96,108.8
Keita Bates-Diop,7,14,15.7,0.8,0.333,0.518,5.3,2.4,0,0.29,0.57,0.43,0,110.9,108.1
Jonah Bolden,4,3.6,17.7,0,0,0.667,1,0.3,0,0.25,0,0.5,0,,
Jonah Bolden,3,10.9,11.5,1,0,0.25,2,2.7,0,0.67,0.67,0,0,93.3,92.8
Marques Bolden,1,2.8,0,0,0,,0,2,0,1,0,0,0,,
Brian Bowen II,6,5.2,15.5,0,0,0.3,1,1.2,0,0,0.17,0.17,0,62,101.9
Joe Chealey,4,8.4,13,1,0,0,0.5,0,0.3,1,0,0.5,0,29.7,108.5
Tyler Cook,2,9.6,11.1,1,0,0.5,2,2,0,1,0,1,0,97.8,106
Jamal Crawford,1,6,27.9,0,0.5,0.625,5,0,3,0,0,0,0,155,100.9
Jacob Evans,2,2.2,9.6,0,0,0,0,0,0,0,0,0,0,,
Dusty Hannahs,2,6.7,30.7,1,0.667,0.556,6,0.5,0,0,0,0,0,120.1,110.8
Jared Harper,3,2.6,21.5,0,0,0.25,0.7,0,0,0,0,0,0,,
William Howard,2,6.7,15.6,0,0,0,0,1,0.5,0,0,0.5,0,13.8,107.8
Stanton Kidd,4,3.8,14.3,0,0,0,0,0.8,0.3,0,0,0.5,0,,
Daryl Macon,4,3.5,15.6,0,0.5,0.5,0.8,0,0.3,0,0,0.5,0,,
J.P. Macura,1,0.6,0,0,0,,0,0,0,0,0,0,0,,
Luc Mbah a Moute,3,8.2,11.6,0.5,0,0.4,1.7,0.7,0,0.67,0,0.33,0,82.3,114.2
Eric Mika,1,19.1,8.8,1,0,0.667,6,7,0,0,0,0,0,171.2,85.6
Malik Newman,1,3.7,44.8,1,0,0,2,0,0,0,0,1,0,,
Zach Norvell Jr.,2,2.5,8.6,0,0,0,0,0.5,0,0,0,0,0,,
Tariq Owens,3,5.1,16.2,1,0,0.2,1.3,1,0,0.33,0,0,0,95.2,107.5
Isaiah Roby,3,3.8,7.7,0,0,0,0,0.7,0,0,0,0.33,0,,
Max Strus,2,3.1,23.6,1,0,0.667,2.5,0.5,0,0,0,0,0,,
Jarrod Uthoff,4,3.5,23.8,1,0,0.143,1,0.3,0,0.25,0,0,0,,
Jarrod Uthoff,3,13.1,11.6,0,0.6,0.682,5,1.7,0,0,0,0,0,134.4,119.7
Jarred Vanderbilt,2,2.6,15.2,1,0,0,1,0.5,0,0,0,0,0,,
Paul Watson,2,8.8,16.6,0,0,0,0,1,1.5,0.5,0,0,0,27.4,112.6
Tyler Zeller,2,2,44.3,0,0,0.25,1,2,0,0,0,0,0,,